{
	"forecastTime": "Jan 13, 2025 12:00:00 PM",
	"forecastTimeIso": "2025-01-13 13:00:00",
	"parameterValues": {
		"PRESSURE": [
			104190.125, 104166.625, 104162.94, 104146.06, 104167.25, 104210.69,
			104241.81, 104247.06, 104241.44, 104245.31, 104237.69, 104168.5,
			104100.94, 104051.5, 104004.5, 103978.375, 103962.94, 103959.25,
			103942.44, 103926.94, 103911.125, 103905.06, 103886.56, 103763.125,
			103648.56, 103541.31, 103500.56, 103443.44, 103426.875, 103353.94,
			103279.69, 103239.0, 103194.75, 103116.625, 103062.625, 102960.44,
			102883.44, 102824.25, 102813.625, 102743.06, 102681.44, 102645.06,
			102625.69, 102656.06, 102680.44, 102689.375, 102719.5, 102691.75,
			102677.25, 102662.44, 102739.125, 102817.06, 102905.56, 102972.125
		],
		"APPARENT_TEMPERATURE": [
			-1.4863708, -0.95629275, -0.6704041, -1.6643493, -2.7058532, -3.0952086,
			-4.000238, -4.2139587, -5.318353, -5.193207, -6.185785, -6.6972594,
			-7.1679626, -7.6140075, -7.8862243, -7.6045837, -7.4341736, -7.747162,
			-9.233637, -9.435297, -9.098871, -7.9821715, -6.391351, -4.2781677,
			-2.8716736, -2.6958923, -2.226654, -2.167572, -2.9910583, -3.5572205,
			-3.8694763, -4.2190857, -5.0975037, -5.0794373, -4.5262146, -3.960785,
			-3.2327576, -3.532318, -3.141449, -3.8101501, -3.6097107, -3.174652,
			-2.9322205, -2.6521912, -2.257904, -1.5987244, -1.2045838, -0.50975955,
			-0.13187861, 0.3261292, 1.3103088, 1.4342346, 0.5279846, 0.39785767
		],
		"PRECIPITATION_TOTAL": [
			0.0, 0.0, 0.0, 0.0, 0.0, 0.0, 0.0, 0.0, 1.1062622e-4, 4.9352646e-5,
			-1.5258789e-5, -3.170967e-4, -3.3140182e-5, 1.9288063e-4, -1.2636185e-5,
			4.4584274e-5, -1.2516975e-4, 3.4570694e-4, -4.5013428e-4, 6.4206123e-4,
			2.708435e-4, -5.0354004e-4, -3.5429e-4, 7.314682e-4, 3.3807755e-4,
			-7.8845024e-4, -6.937981e-5, 8.852482e-4, -1.8882751e-4, -6.1941147e-4,
			6.098747e-4, 8.273125e-5, 2.9921532e-4, -9.083748e-5, -2.4557114e-4,
			-6.8449974e-4, 0.0015935898, 7.894039e-4, 0.0026783943, 0.4787798,
			0.32331276, 0.013490677, 0.043395996, 0.009876251, 0.036025047,
			0.11854839, 0.06597233, 0.009478688, 0.017011762, 0.011608124,
			0.0039901733, 6.582737e-4, 0.0070439577, 0.11456609, 0.20791066
		],
		"WIND_GUST_DIRECTION": [
			194.61792, 194.64003, 178.22389, 217.73322, 221.88657, 221.95709,
			211.29828, 211.29219, 188.29094, 207.35226, 160.48306, 130.93852,
			107.802704, 117.31114, 98.96684, 92.663574, 80.20807, 63.87058, 356.37122,
			357.30496, 355.42526, 334.77643, 334.46735, 332.82794, 324.9959,
			221.15144, 216.37982, 285.903, 279.37344, 305.36383, 324.43567, 323.3989,
			326.44995, 337.34277, 357.64337, 326.5195, 35.925472, 199.42676,
			189.50578, 41.6289, 40.325184, 54.31414, 58.363136, 148.38562, 186.32002,
			202.60112, 178.42683, 172.3507, 169.37372, 172.82372, 169.20428,
			175.85332, 182.5056, 127.914825
		],
		"PRECIPITATION_SNOW": [
			0.0, 0.0, 0.0, 0.0, 0.0, 0.0, 0.0, 0.0, 1.1062622e-4, 4.9352646e-5,
			-1.5258789e-5, -3.170967e-4, -3.3140182e-5, 1.9288063e-4, -1.2636185e-5,
			4.4584274e-5, -1.2516975e-4, 3.4570694e-4, -4.5013428e-4, 6.4206123e-4,
			2.708435e-4, -5.0354004e-4, -3.5429e-4, 7.314682e-4, 3.3807755e-4,
			-7.8845024e-4, -6.937981e-5, 8.852482e-4, -1.8882751e-4, -6.1941147e-4,
			6.098747e-4, 8.273125e-5, 2.9921532e-4, -9.083748e-5, -2.4557114e-4,
			-6.8449974e-4, 0.0015935898, 7.894039e-4, 0.0026783943, 0.47877932,
			0.32331324, 0.013490677, 0.043396473, 0.009875774, 0.036024094,
			0.11854935, 0.06597233, 0.009478569, 0.017011642, 0.01160717,
			0.0028543472, 5.865097e-4, 7.915497e-4, 0.004629135, 3.2615662e-4
		],
		"CLOUDS_HIGH": [
			0.03125, 0.546875, 0.6484375, 0.6328125, 0.5546875, 0.27734375,
			0.34765625, 0.17578125, 0.234375, 0.20703125, 0.17578125, 0.0390625,
			0.04296875, 0.07421875, 0.16796875, 0.0703125, 0.015625, 0.046875,
			0.0546875, 0.013671875, 0.08203125, 0.00390625, 0.0, 0.00390625,
			0.0078125, 0.13671875, 0.2421875, 0.0234375, 0.3515625, 0.2578125,
			0.65625, 0.4609375, 0.8828125, 0.0625, 0.8984375, 0.0, 0.15625, 0.421875,
			0.0, 0.0, 0.0, 0.0, 0.0, 0.03125, 0.00390625, 0.00390625, 0.0078125,
			0.1953125, 0.0, 0.0, 0.0, 0.0, 0.0, 0.0
		],
		"WIND_GUST_SPEED": [
			5.9794927, 6.0575585, 4.228405, 4.71072, 4.7717876, 3.706615, 2.4893656,
			2.4806602, 1.9547571, 1.9485922, 2.1324294, 2.2864876, 2.0475879,
			2.1247385, 2.1807337, 2.0066397, 1.0032187, 0.6717943, 2.1780548,
			2.2668867, 2.2777627, 2.537025, 2.892201, 2.7662623, 2.059272, 1.5251868,
			1.7264124, 1.5188006, 1.4084003, 1.0755662, 1.8560593, 2.1296096,
			1.7384429, 2.7954211, 1.7356857, 3.8923125, 1.0156989, 1.1575787,
			2.155745, 1.8733613, 2.1759443, 2.2282605, 2.159394, 2.0390556, 2.786865,
			2.9002523, 3.557814, 4.247406, 4.7988334, 4.7355824, 4.3521748, 3.983588,
			2.5316257, 2.3542144
		],
		"CLOUDS_TOTAL": [
			1.0, 0.9765625, 0.921875, 0.6328125, 0.5546875, 0.27734375, 0.34765625,
			0.17578125, 0.5, 0.4921875, 0.5078125, 0.359375, 0.1640625, 0.078125,
			0.171875, 0.140625, 0.234375, 0.0859375, 0.0625, 0.0234375, 0.1015625,
			0.0390625, 0.03125, 0.3359375, 0.15625, 0.578125, 0.6430929, 0.5803856,
			0.8362687, 0.89082414, 0.9329233, 0.9389576, 0.91906697, 0.99316007,
			1.0014526, 1.0, 1.0, 1.0, 1.0, 0.9921875, 1.0, 0.9921875, 0.9609375, 1.0,
			0.9921875, 0.96875, 0.90625, 0.984375, 1.0, 0.9765625, 0.9765625, 1.0,
			1.0, 1.0
		],
		"HUMIDITY": [
			0.6832036, 0.6946275, 0.648595, 0.6332967, 0.6402211, 0.695284,
			0.73985803, 0.78534204, 0.8214782, 0.8577068, 0.8883236, 0.9346442,
			0.9659393, 0.9799169, 0.98294324, 0.98319715, 0.9901972, 0.9936637,
			0.999185, 0.98103774, 0.9746743, 0.9038374, 0.8203896, 0.7371143,
			0.693848, 0.66309357, 0.63668454, 0.62580055, 0.70071155, 0.7298839,
			0.716393, 0.7372194, 0.83911604, 0.85720533, 0.81617814, 0.81583226,
			0.7962533, 0.79368204, 0.8997991, 0.92566055, 0.91118884, 0.91232437,
			0.9278659, 0.9175894, 0.9169972, 0.8817331, 0.8562834, 0.91095597,
			0.9101405, 0.9125774, 0.8994686, 0.91857636, 0.98062634, 0.9805461
		],
		"TEMPERATURE": [
			0.31362915, 0.14370728, 0.42959595, 0.13565063, -0.9058533, -1.9952087,
			-2.900238, -3.7139587, -4.2183533, -4.693207, -5.085785, -5.5972595,
			-6.0679626, -6.5140076, -6.7862244, -7.1045837, -7.4341736, -7.747162,
			-8.133636, -8.335297, -7.998871, -6.8821716, -5.2913513, -3.7781677,
			-2.8716736, -2.1958923, -1.726654, -1.667572, -2.4910583, -3.0572205,
			-3.3694763, -3.7190857, -4.5975037, -4.5794373, -4.0262146, -3.460785,
			-3.2327576, -3.032318, -3.141449, -3.3101501, -3.1097107, -2.674652,
			-2.4322205, -2.1521912, -1.757904, -1.0987244, -0.10458374, 0.5902405,
			1.6681213, 2.1261292, 2.4103088, 1.9342346, 1.0279846, 0.89785767
		],
		"WIND_SPEED": [
			3.4997222, 2.1937366, 2.4141967, 3.053004, 2.5799482, 1.5262656,
			1.8067862, 1.4968996, 1.6133711, 1.3182296, 1.7626939, 1.660582,
			1.5297642, 1.6131765, 1.5763081, 0.7066458, 0.48875237, 0.19945042,
			1.631561, 1.8534696, 1.6760738, 1.5962801, 1.5879763, 1.0439804,
			0.25123355, 0.5592901, 0.52101326, 0.7882852, 0.68114847, 0.8129773,
			1.416606, 1.3414332, 0.75036716, 1.2046216, 1.3624852, 0.51373976,
			0.114851005, 0.9455847, 0.20117852, 0.9176642, 0.92705417, 1.0314739,
			0.9388167, 1.1234382, 1.490816, 1.3070425, 1.9474419, 2.4934742,
			2.8405967, 2.5503895, 2.3742893, 1.4840647, 0.622477, 1.3555642
		],
		"WIND_DIRECTION": [
			194.63336, 191.03616, 183.37158, 217.6988, 221.96643, 225.33252,
			211.98949, 187.69623, 206.78754, 187.75064, 156.98969, 110.845245,
			137.33855, 119.12924, 93.18545, 85.007835, 69.96707, 307.8327, 356.35922,
			357.36575, 343.11707, 334.84274, 332.94174, 324.76556, 322.2819,
			221.98882, 238.88953, 280.98416, 230.69133, 304.925, 325.71457, 326.12228,
			321.8795, 5.721358, 337.83548, 34.109695, 260.50177, 197.6069, 60.96927,
			45.600624, 23.632679, 59.605183, 90.55212, 157.00107, 185.70169,
			198.95305, 178.22496, 171.67343, 171.66484, 169.51256, 174.76672,
			179.69775, 163.32826, 127.73358
		],