{
	"forecastTime": "Jan 3, 2025 12:00:00 PM",
	"forecastTimeIso": "2025-01-03 13:00:00",
	"parameterValues": {
		"PRESSURE": [
			101467.31, 101453.25, 101484.125, 101422.75, 101421.31, 101443.625,
			101458.44, 101492.44, 101544.94, 101605.0, 101677.75, 101710.94,
			101738.375, 101811.69, 101914.5, 101970.625, 102053.75, 102136.94,
			102200.94, 102255.69, 102321.625, 102358.125, 102381.69, 102340.125,
			102308.06, 102275.94, 102284.44, 102269.81, 102259.75, 102232.25,
			102217.69, 102239.19, 102215.75, 102185.81, 102149.69, 102093.625,
			102070.25, 102015.69, 101981.69, 101921.56, 101840.81, 101811.06,
			101779.19, 101755.375, 101691.69, 101647.44, 101603.69, 101493.625,
			101379.375, 101246.31, 101183.875, 101130.375, 101085.69, 101034.25
		],
		"APPARENT_TEMPERATURE": [
			-2.1888123, -2.2859802, -2.5926208, -3.0342712, -3.7078552, -3.7893982,
			-4.453705, -4.3868103, -5.444574, -5.877191, -6.0446715, -5.139496,
			-7.3791933, -4.504242, -7.1071715, -6.270355, -5.6736755, -5.141107,
			-4.594281, -4.758832, -4.5701113, -3.0588317, -2.7546813, -2.269574,
			-1.8967712, -0.54599, -0.09725952, -0.93466187, -2.318109, -3.1540465,
			-4.0268493, -5.5149355, -5.3207946, -6.0529723, -6.772943, -7.2099547,
			-7.28183, -7.749115, -7.9927673, -7.8545837, -7.3821716, -6.855072,
			-6.061615, -6.196869, -6.1205993, -5.156976, -4.179437, -3.3757262,
			-3.0224547, -3.4643981, -4.3950133, -4.5602965, -4.6779723, -4.7116637
		],
		"PRECIPITATION_TOTAL": [
			0.0, 0.0, 0.0, 0.0, 0.0, 0.0, 0.0, 0.10910385, 0.0, 0.0, 0.021735191,
			0.03481865, 0.0748539, 0.017463684, 0.0013751984, 0.001329422,
			4.5013428e-4, 3.8146973e-5, 2.040863e-4, 2.5749207e-4, -3.7384033e-4,
			1.2207031e-4, -2.0599365e-4, 3.376007e-4, -3.2424927e-5, -1.7166138e-5,
			7.247925e-5, -6.67572e-5, 7.6293945e-6, 1.5640259e-4, -3.414154e-4,
			4.005432e-5, -4.196167e-5, 3.2234192e-4, 2.2697449e-4, -5.0354004e-4,
			2.6893616e-4, 0.0, 2.7275085e-4, 2.670288e-4, -8.1062317e-4, 0.0010814667,
			0.0018920898, 8.1062317e-4, 0.0010814667, 2.875626e-4, -2.1135807e-4,
			4.131496e-4, 5.288124e-4, 0.08155239, 0.3123275, 0.46660006, 0.43073273,
			0.4239142, 0.6841092
		],
		"WIND_GUST_DIRECTION": [
			108.651955, 102.60122, 95.01862, 82.40417, 76.82282, 74.693726, 82.795364,
			81.54151, 96.40896, 100.5118, 101.48651, 103.34149, 104.49251, 105.82797,
			119.09096, 126.57301, 115.05122, 126.33358, 129.79002, 139.59885,
			126.83826, 123.41591, 144.04066, 145.67896, 148.17798, 148.5288,
			154.03642, 265.93835, 282.53177, 5.619288, 10.463146, 335.30792,
			336.67175, 333.7783, 317.78888, 326.47794, 330.2623, 314.1632, 131.01779,
			127.718216, 118.583755, 75.34629, 63.606052, 298.05948, 339.45688,
			343.32077, 343.80798, 345.64703, 339.01956, 341.77344, 345.37057,
			345.61737, 348.49573, 346.6945
		],
		"PRECIPITATION_SNOW": [
			0.0, 0.0, 0.0, 0.0, 0.0, 0.0, 0.0, 0.10910385, 0.0, 0.0, 0.021736145,
			0.03481865, 0.0748539, 0.017461777, 0.0013771057, 0.0013275146,
			4.5204163e-4, 3.8146973e-5, 2.040863e-4, 2.5749207e-4, -3.7384033e-4,
			1.2207031e-4, -2.0599365e-4, 3.376007e-4, -3.2424927e-5, -1.7166138e-5,
			7.247925e-5, -6.67572e-5, 7.6293945e-6, 1.5640259e-4, -3.414154e-4,
			3.8146973e-5, -4.005432e-5, 3.2234192e-4, 2.2697449e-4, -5.0354004e-4,
			2.708435e-4, -1.9073486e-6, 2.7275085e-4, 2.670288e-4, -8.087158e-4,
			0.0010795593, 0.0018920898, 8.1062317e-4, 0.0010795593, 2.8946996e-4,
			-2.1135807e-4, 4.131496e-4, 5.288124e-4, 0.08155239, 0.3123294,
			0.46659815, 0.43073273, 0.4239142, 0.6841073
		],
		"CLOUDS_HIGH": [
			0.0, 0.04296875, 0.00390625, 0.0, 0.0, 3.0517578e-5, 1.5259022e-5,
			1.5259022e-5, 1.5259022e-5, 1.5259022e-5, 1.5259022e-5, 1.5259022e-5,
			1.5259022e-5, 1.5259022e-5, 1.5259022e-5, 1.5259022e-5, 0.0, 0.0, 0.0,
			0.0, 0.0078125, 0.0703125, 0.28125, 0.171875, 1.0, 0.6796875, 0.78362,
			0.90143555, 0.921875, 0.8125, 0.578125, 0.1953125, 0.0, 0.0, 0.0, 0.15625,
			0.4296875, 0.328125, 0.2958079, 0.52789193, 0.57367676, 0.62461025,
			0.73216015, 0.9765625, 0.9780468, 0.7138037, 0.6953125, 0.9942889,
			0.9841025, 0.95935214, 0.8859881, 0.95185685, 1.0009006, 0.98748183
		],
		"WIND_GUST_SPEED": [
			8.3368845, 10.099601, 8.819708, 8.45828, 9.517023, 9.215901, 9.899201,
			10.0875845, 10.576018, 11.060419, 11.150383, 10.612572, 12.040588,
			12.106583, 12.604596, 10.533974, 9.889159, 7.5472183, 6.0860767,
			4.5005507, 4.1071825, 4.073882, 4.6590786, 5.0743527, 4.9489117,
			4.4545417, 2.53564, 1.5714134, 2.2006984, 2.4833846, 3.273716, 4.4994264,
			4.496875, 3.4558895, 2.7029202, 2.7261183, 2.52317, 1.6078607, 1.8977886,
			1.9188235, 1.7934746, 1.587809, 1.373054, 1.7405397, 2.9617705, 3.1294672,
			3.5594294, 3.7155652, 3.9637089, 5.445965, 5.816284, 6.571027, 6.4282103,
			6.2018976
		],
		"CLOUDS_TOTAL": [
			0.6015625, 0.3125, 0.4921875, 0.1171875, 0.2578125, 0.0703125, 0.3203125,
			0.8, 0.75, 0.234375, 0.984375, 0.984375, 0.828125, 0.875, 0.1015625,
			0.046875, 0.2890625, 0.515625, 0.5234375, 0.625, 0.4140625, 0.3671875,
			0.296875, 0.2109375, 1.0, 0.84603286, 0.96718997, 0.98826927, 0.9884148,
			0.9381101, 0.8666866, 0.6965881, 0.6875, 0.5078125, 0.234375, 0.21875,
			0.4296875, 0.31732422, 0.97731084, 0.9835426, 0.94321394, 0.95208263,
			0.96110135, 0.9985427, 0.99821484, 0.99219745, 0.9955422, 0.9997632,
			0.9998145, 0.9998178, 0.99993634, 0.9999289, 1.0001395, 1.0002999
		],
		"HUMIDITY": [
			0.8091788, 0.8091578, 0.8164465, 0.8149569, 0.86685544, 0.85316986,
			0.8061766, 0.814451, 0.76528627, 0.78205425, 0.81923866, 0.8535703,
			0.73803884, 0.7447214, 0.7174175, 0.7194768, 0.7186498, 0.73200035,
			0.74413, 0.7490044, 0.73816407, 0.71868455, 0.6974097, 0.7122383,
			0.68921095, 0.67126364, 0.6581838, 0.6952774, 0.71406627, 0.77380055,
			0.78536236, 0.8094922, 0.8422064, 0.8985723, 0.96114886, 0.96936864,
			0.9831164, 0.9879664, 0.99592793, 0.98800236, 0.9669604, 0.9373715,
			0.9184352, 0.89694035, 0.83958995, 0.80028343, 0.7610607, 0.73577076,
			0.76979, 0.8687886, 0.895819, 0.9225788, 0.9415763, 0.9616245
		],
		"TEMPERATURE": [
			1.3111877, 1.2140198, 0.90737915, 0.46572876, -0.20785522, -0.2893982,
			0.046295166, 0.1131897, 0.15542603, -0.27719116, -0.44467163, -0.63949585,
			-0.5791931, -1.004242, -1.5071716, -1.7703552, -2.1736755, -2.5411072,
			-2.794281, -2.9588318, -2.770111, -1.9588318, -0.9546814, -0.46957397,
			-0.09677124, -0.04598999, -0.09725952, -0.43466187, -1.2181091,
			-2.0540466, -2.9268494, -3.7149353, -4.2207947, -4.9529724, -5.672943,
			-6.109955, -6.78183, -7.249115, -7.4927673, -7.3545837, -6.8821716,
			-6.355072, -6.061615, -5.696869, -5.0205994, -4.0569763, -3.0794373,
			-2.2757263, -1.9224548, -1.6643982, -1.7950134, -1.9602966, -2.0779724,
			-2.1116638
		],
		"WIND_SPEED": [
			5.225147, 5.4501224, 4.640221, 4.7922735, 5.479821, 4.6875253, 5.6400194,
			6.0492725, 6.746388, 6.8430715, 6.767993, 6.305011, 7.665337, 5.484646,
			6.8135285, 6.249907, 4.75368, 3.7915277, 2.791483, 2.614824, 2.6073437,
			2.2659516, 2.7895675, 2.9566355, 2.6394982, 1.3516598, 0.44968742,
			1.064752, 1.5206687, 1.8639183, 2.2552977, 3.1462383, 2.4516392,
			1.9204109, 1.7176697, 1.8710637, 1.1842649, 0.7123861, 1.1018568,
			1.0575681, 0.90085286, 0.6450529, 0.4467692, 0.7181878, 1.8878723,
			1.9103949, 1.842489, 1.9039868, 2.2183452, 3.3780174, 3.6065063,
			3.8575568, 3.910624, 3.9293368
		],
		"WIND_DIRECTION": [
			108.65448, 97.65471, 87.00691, 77.33715, 75.06364, 78.51159, 81.11612,
			84.393005, 96.8314, 101.49413, 103.446594, 93.86127, 104.4935, 118.086044,
			126.58304, 111.77165, 126.319244, 129.42296, 139.46162, 131.79292,
			123.551575, 134.24051, 144.03555, 148.19412, 148.54272, 151.4381,
			203.25183, 265.83585, 282.44843, 4.369973, 25.548847, 335.49872, 334.438,
			320.9629, 314.15137, 330.1059, 314.24423, 312.6616, 130.74345, 118.74429,
			82.209404, 60.243793, 282.79208, 293.07907, 341.76718, 342.89697,
			343.7738, 347.2821, 342.80328, 341.84628, 345.52173, 351.03052, 348.8194,
			349.5488
		],