{
	"forecastTime": "Jan 14, 2025 12:00:00 PM",
	"forecastTimeIso": "2025-01-14 13:00:00",
	"parameterValues": {
		"PRESSURE": [
			103651.19, 103557.875, 103504.75, 103410.31, 103390.25, 103301.81,
			103265.625, 103216.94, 103107.06, 103062.19, 103000.875, 102928.25,
			102870.31, 102800.56, 102776.06, 102708.25, 102669.19, 102644.625,
			102649.0, 102684.81, 102688.75, 102713.125, 102767.5, 102741.5, 102703.69,
			102672.0, 102736.44, 102811.44, 102899.5, 102981.06, 103071.5, 103167.875,
			103216.06, 103255.56, 103311.75, 103360.375, 103431.375, 103475.69,
			103526.69, 103574.375, 103608.56, 103674.625, 103741.19, 103791.94,
			103837.06, 103886.19, 103935.69, 103893.19, 103842.31, 103786.94,
			103799.75, 103832.0, 103875.625, 103895.75
		],
		"APPARENT_TEMPERATURE": [
			-0.74227905, -0.5472107, -0.8610779, -0.39730835, -1.1014099, -1.6880798,
			-2.6052184, -2.8500915, -3.1242614, -2.4654236, -2.8715758, -2.1165466,
			-3.0808043, -2.2625427, -2.3084412, -2.190033, -1.8492126, -2.1628356,
			-2.092523, -1.5428162, -1.8244568, -1.3295838, -1.0671326, -0.8552185,
			0.3806213, 1.5180725, 1.7038635, 0.766803, 0.2348206, -0.061321974,
			0.39942014, 0.26587522, 0.28394163, 0.25025022, 0.20825803, -0.07421267,
			-0.72069705, -1.2319275, -1.4422302, -2.3623962, -3.2395935, -3.7810974,
			-4.3622985, -4.3447204, -3.2415466, -2.0103455, -0.50497437, 0.6683655,
			1.5604553, 2.1112366, 2.1201234, 0.8849671, 0.82788694, -0.22909546
		],
		"PRECIPITATION_TOTAL": [
			0.0, 0.0, 0.0, 0.0, 0.0, 0.0, 0.0, 0.0, 0.0, 0.0, 0.0, 0.0, 0.0,
			0.4106331, 0.6041646, 0.6827383, 0.19876146, 0.028927326, 0.012244821,
			0.0070385933, 0.079048514, 0.04541278, 0.043722153, 0.007909775,
			0.0021681786, 0.0024106503, -1.01327896e-4, -1.5544891e-4, 5.00679e-4,
			-3.9577484e-5, -7.009506e-5, -6.635189e-4, -9.75132e-5, 4.7659874e-4,
			8.046627e-4, -7.5769424e-4, -9.012222e-5, -6.556511e-4, -1.8572807e-4,
			1.232624e-4, 7.030964e-4, 8.740425e-4, -4.618168e-4, -9.543896e-4,
			-2.245903e-4, 3.349781e-4, 6.029606e-4, -7.548332e-4, 0.0012178421,
			-0.0011835098, 0.0010704994, -0.001073122, 0.0013713837, -0.0013456345,
			0.0012426376
		],
		"WIND_GUST_DIRECTION": [
			263.22852, 314.71332, 320.5667, 320.48962, 212.19595, 214.8121, 6.7338552,
			8.851505, 3.2669272, 355.47275, 339.49097, 349.63, 34.011177, 23.52361,
			29.959007, 17.126335, 98.19185, 109.09835, 121.648506, 160.14157,
			168.92696, 177.51543, 184.41628, 173.35863, 166.45474, 167.0376,
			163.75215, 152.46777, 154.38045, 154.51758, 153.8232, 146.24852, 148.1066,
			151.92593, 144.20517, 147.1588, 147.62904, 151.3751, 144.49115, 150.30003,
			180.55606, 148.31947, 119.48305, 126.0285, 129.58261, 145.95013,
			158.93286, 158.3096, 153.4196, 117.35231, 121.976105, 113.905716,
			118.21153, 122.76307
		],
		"PRECIPITATION_SNOW": [
			0.0, 0.0, 0.0, 0.0, 0.0, 0.0, 0.0, 0.0, 0.0, 0.0, 0.0, 0.0, 0.0,
			0.4106326, 0.6041651, 0.6827388, 0.19876099, 0.028927326, 0.012245178,
			0.0070381165, 0.07904863, 0.045413017, 0.0437212, 0.007910728,
			0.002166748, 0.0024108887, -9.918213e-5, -1.5735626e-4, 5.016327e-4,
			-3.9100647e-5, -7.1525574e-5, -6.6280365e-4, -9.727478e-5, 4.7683716e-4,
			8.049011e-4, -7.5912476e-4, -8.9645386e-5, -6.542206e-4, -1.8692017e-4,
			1.2207031e-4, 7.0381165e-4, 8.75473e-4, -4.6157837e-4, -9.5558167e-4,
			-2.2506714e-4, 3.3569336e-4, 6.0272217e-4, -7.5531006e-4, 0.0012187958,
			-0.0011844635, 0.0010719299, -0.0010738373, 0.0013713837, -0.0013446808,
			0.001241684
		],
		"CLOUDS_HIGH": [
			0.83984375, 0.640625, 0.6953125, 0.515625, 0.5234375, 0.796875, 0.9921875,
			0.9453125, 0.8828125, 0.3046875, 0.2421875, 0.0234375, 0.015625, 0.5, 0.0,
			0.0, 0.0, 0.0, 0.0, 0.0, 0.0, 0.0, 0.0, 0.0, 0.0, 0.0, 0.0, 0.0, 0.0, 0.0,
			3.0517578e-5, 0.0, 0.0, 0.0, 0.0, 0.0, 0.0, 1.5259022e-5, 0.0, 0.0, 0.0,
			0.0, 0.0, 0.0, 0.0, 0.0, 0.0, 0.0, 0.0, 0.0, 4.8828125e-4, 0.0,
			4.8828125e-4, 0.0
		],
		"WIND_GUST_SPEED": [
			1.7293524, 2.1810918, 2.66605, 2.657437, 2.1814623, 1.6349798, 2.1000383,
			2.523398, 2.356333, 2.3711638, 2.3873813, 2.3298461, 2.6298175, 2.8620722,
			2.0577934, 2.151201, 2.232708, 2.5745943, 2.7133365, 2.6517189, 2.929119,
			3.0563552, 3.1483247, 3.3782759, 3.424098, 3.8906162, 3.880702, 4.276087,
			4.6503186, 4.6463065, 4.0707345, 3.2831812, 3.2602425, 3.3082526,
			3.557484, 3.6872106, 3.1964426, 2.6518726, 2.1529675, 1.5586624, 1.623562,
			1.726259, 2.522313, 2.6525707, 2.6486115, 2.110294, 1.944591, 2.151632,
			2.3663297, 2.2722783, 3.2994277, 3.9025376, 3.752712, 2.7414186
		],
		"CLOUDS_TOTAL": [
			0.83984375, 0.640625, 0.6953125, 0.515625, 0.5234375, 0.796875, 0.9921875,
			0.9941927, 0.9765625, 0.9780323, 0.99311423, 1.0, 1.0, 1.0, 1.0, 1.0,
			0.984375, 0.9609375, 0.9921875, 0.9921875, 0.9765625, 0.9765625,
			0.9609375, 0.9609375, 0.8046875, 0.6328125, 0.90625, 0.921875, 0.9921875,
			0.9921875, 1.0, 1.0, 0.9453125, 0.9921875, 0.96875, 0.8984375, 0.71875,
			0.5546875, 0.21875, 0.0, 0.0, 0.0, 0.0, 0.484375, 0.375, 0.296875,
			0.203125, 0.15625, 0.9140625, 0.9921875, 0.9609375, 0.890625, 0.5546875,
			0.0
		],
		"HUMIDITY": [
			0.7582155, 0.6907148, 0.6547919, 0.6716443, 0.7083505, 0.75415564,
			0.7812831, 0.7890277, 0.7960111, 0.7847492, 0.7729397, 0.767473,
			0.8900968, 0.9364648, 0.9577818, 0.9583036, 0.9294362, 0.879237,
			0.86577034, 0.8910036, 0.8878101, 0.8775399, 0.8936768, 0.92975247,
			0.9247695, 0.91596705, 0.9159249, 0.9183803, 0.9246633, 0.9299258,
			0.93617773, 0.9323368, 0.9160163, 0.91015774, 0.9092015, 0.9128205,
			0.93015033, 0.95158845, 0.96986747, 0.98269844, 0.99651736, 0.9896535,
			0.9796675, 0.9839678, 0.9651547, 0.91214824, 0.874151, 0.8487325,
			0.82859385, 0.81717306, 0.7864591, 0.7872445, 0.81643283, 0.9143212
		],
		"TEMPERATURE": [
			-0.74227905, -0.047210693, 0.23892212, 0.10269165, -0.6014099, -1.1880798,
			-1.5052185, -1.7500916, -2.0242615, -1.9654236, -1.7715759, -1.6165466,
			-1.9808044, -1.7625427, -1.8084412, -1.690033, -1.3492126, -1.0628357,
			-0.9925232, -1.0428162, -0.7244568, -0.22958374, 0.03286743, 0.2447815,
			1.4806213, 2.6180725, 2.8038635, 2.566803, 2.0348206, 1.738678, 1.4994202,
			1.3658752, 1.3839417, 1.3502502, 1.308258, 1.0257874, 0.37930298,
			-0.13192749, -0.9422302, -1.8623962, -2.7395935, -3.2810974, -3.2622986,
			-3.2447205, -2.7415466, -1.5103455, -0.0049743652, 1.1683655, 2.0604553,
			2.6112366, 3.2201233, 2.684967, 1.927887, 0.27090454
		],
		"WIND_SPEED": [
			0.42312998, 0.9268213, 1.5170535, 0.8539303, 1.3614368, 1.0262443,
			1.5638334, 1.8097066, 1.6532693, 1.3298062, 1.5550612, 1.2028956,
			1.681618, 1.2145226, 1.0569414, 1.063365, 1.0382037, 1.5705525, 1.6657459,
			1.4951398, 1.6716807, 1.7006932, 1.7414083, 1.996922, 1.9777478, 2.302173,
			2.443551, 2.8207562, 3.1255157, 2.7857366, 2.196029, 1.9793788, 2.2229702,
			2.211629, 2.4792309, 2.2040646, 1.8082376, 1.505091, 1.1245233, 1.1248463,
			1.3205419, 1.3924301, 2.0411878, 2.1072884, 1.4843171, 0.9620026,
			1.0690724, 1.1299522, 1.0923457, 1.0209107, 2.0367396, 2.5209017,
			1.9375899, 1.4842572
		],
		"WIND_DIRECTION": [
			263.06732, 314.8628, 320.59418, 270.3616, 210.52956, 322.65668, 8.524639,
			2.8794148, 358.8462, 358.85196, 348.3459, 54.012726, 33.936638, 28.91293,
			25.703894, 30.977327, 97.5966, 109.08937, 129.15215, 167.99205, 168.85435,
			181.95134, 181.06769, 172.73712, 166.4373, 170.97456, 163.64375,
			152.72975, 154.65546, 153.74893, 145.00348, 134.48303, 148.18861,
			148.5136, 144.07774, 147.37207, 151.61893, 144.58725, 147.50766,
			164.79031, 180.5224, 149.5875, 120.39328, 129.07889, 145.99817, 147.78233,
			158.9886, 158.22842, 141.55916, 113.72782, 121.534, 117.24936, 123.10778,
			110.95496
		],